ProductId,ProductName,Category,TotalSold,TotalRevenue
7,5W30 Sintetičko Ulje 1L,Fluids & Lubricants,13,110.50
6,205/55R16 Ljetna Guma,Tires,9,486.00
5,Alu Felga R17 Srebrna,Rims / Wheels,8,912.00
11,195/65R15 Zimska Guma,Tires,7,327.25
2,Premium Wiper Blade 22",Wipers,5,47.45
8,Kabinski Filter Univerzalni,Filters,4,48.00
3,Kožna Ručica Mjenjača,Gear Knobs & Interior Trim,1,19.95
1,Sonax Klima Clean (bomba),Car Care / Cosmetics,1,12.50
10,OBD2 Dijagnostički Skener,Electronics / Diagnostics,1,39.99
